<Driver Description="Describe the purpose of your CloudShell shell" MainClass="driver.HinemosDriver" Name="HinemosDriver" Version="1.0.0">
    <Layout>
         <Category Name="Hidden Commands">
            <Command Description="" DisplayName="Orchestration Save" Name="orchestration_save" />
            <Command Description="" DisplayName="Orchestration Restore" Name="orchestration_restore" />
         </Category>
        <Category Name="SOAP Based Functions">
            <Command Name="SOAP_runJob" DisplayName="Run Job" Tags="" Description="Kickstart(run) a job">
                <Parameters>
                    <Parameter Name="jobunitId" Type="String" Mandatory = "True" DisplayName="JobUnitID" DefaultValue="" Description="the Job`s UnitID"/>
                    <Parameter Name="jobId" Type="String" Mandatory = "True" DisplayName="JobID" DefaultValue="" Description="the Job`s ID"/>
                    <Parameter Name="jobWM" Type="String" Mandatory = "True" DisplayName="JobWaitMinute" DefaultValue="1" Description="Tigger WaitMinute"/>
                    <Parameter Name="jobWT" Type="String" Mandatory = "True" DisplayName="JobWaitTime" DefaultValue="1" Description="Tigger WaitTime"/>
                </Parameters>
            </Command>
            <Command Name="SOAP_getJobResults" DisplayName="Get Job Results" Tags="" Description="">
                <Parameters>
                    <Parameter Name="sessionId" Type="String" Mandatory = "True" DisplayName="SessionID" DefaultValue="" Description=""/>
                    <Parameter Name="jobId" Type="String" Mandatory = "True" DisplayName="JobID" DefaultValue="" Description=""/>
                </Parameters>
            </Command>
        </Category>
    </Layout>
</Driver>
